Frame File Path,Confidence,X,Y,Width,Height,Face ID
images/frames/9eb8cd6c-073f-4dcd-94d1-2548d11a54e5.jpg,4.144727042817976,676,380,65,65,4.0
images/frames/aa3d0a7c-509b-4ea8-858d-5ec86f94fe42.jpg,2.269510012876708,696,378,75,75,4.0
images/frames/837cdf90-be58-401a-bbd1-72b564855209.jpg,3.371157143090386,698,371,70,70,
images/frames/99c24bfb-4492-460d-811d-a1f4c73845ec.jpg,4.586154141870793,698,366,70,70,
images/frames/c402a8b4-8300-4254-adce-a3cc073f748f.jpg,5.953980059770402,701,358,71,71,
images/frames/621870bd-c8da-4080-95c9-e7a80d9ee39e.jpg,7.712762132112402,699,356,74,74,
images/frames/8f6996f6-d8ac-4b72-a44c-aa2004871109.jpg,6.442532044660766,701,358,71,71,
images/frames/8db18ac6-be43-47e1-8c8b-ab77961f3cae.jpg,5.02296413219301,701,361,72,72,
images/frames/42345570-bfb7-4d90-a9ef-090b12e54c26.jpg,7.233112166286446,703,364,69,69,
images/frames/7ef14655-bdca-416d-8fbf-96ce51d2a294.jpg,4.2553251258214,702,364,69,69,
images/frames/089d92d0-08da-4e55-b631-90edcf4afc84.jpg,3.373255151731428,701,358,79,79,
images/frames/2373f132-2abf-42a2-9285-fe833f8d656c.jpg,3.673816055816133,702,354,83,83,
images/frames/41a7c9d9-d819-4054-9940-faf8b0071b6c.jpg,2.8275260637165047,702,353,81,81,
images/frames/83e0a6e0-f981-438c-b5d9-d4ce2a4e6678.jpg,2.4788030953495763,113,404,61,61,
images/frames/43a4706e-8b8c-4ce2-83d1-5e00fe1dafa5.jpg,9.89823614776833,769,442,33,33,
images/frames/eb152320-5550-4847-a56b-d341439ba7a7.jpg,8.421787169703748,767,440,36,36,
images/frames/cf2d0010-c7d2-45ef-b8fd-dacb8102f63e.jpg,7.489900139102247,764,437,37,37,
images/frames/adeb8d99-7601-4d54-966c-dacff5f29f63.jpg,6.905807167640887,759,434,38,38,
images/frames/828e45fc-aaeb-4fbc-b851-dcd164b56af2.jpg,7.532369115331676,755,432,39,39,
images/frames/e453facb-a739-436b-aa28-e29d29f1de1b.jpg,2.675607082317584,749,434,36,36,
images/frames/e74e76a1-abc5-4c89-af9e-a4a8236bbc68.jpg,4.93240604334278,731,437,40,40,
images/frames/67267b81-a22f-4be5-aa73-63316032e207.jpg,4.449669165245723,722,435,39,39,
images/frames/7b79f0fe-3887-4a3e-b603-54918021ca11.jpg,4.400380040460732,718,432,40,40,
images/frames/50eb470e-c259-4e13-bd14-510cd25b9666.jpg,4.577669094258454,718,432,37,37,
images/frames/991b455c-9fd5-430d-a884-d63a8ef12a9d.jpg,5.385127118730452,714,430,42,42,
images/frames/3d939dd1-0486-48b7-9148-5cb001449fe5.jpg,4.68303518317407,712,427,43,43,
images/frames/4c747e5c-c93b-43a8-91bb-c86644348a3a.jpg,3.590743101143744,710,426,44,44,
images/frames/95b974ed-7109-40b9-a156-f9972dbd966e.jpg,4.273056163627189,708,424,44,44,
images/frames/375a3a6d-ec4a-404b-a110-138fb5ef6773.jpg,4.593439053918701,706,423,48,48,
images/frames/bc8f1907-11c5-4e80-b7c9-9b173cc1ef84.jpg,3.8238901823642655,706,424,46,46,
images/frames/2ea4063f-9271-4f5e-a670-248b321f82d3.jpg,4.741981175437104,704,426,47,47,
images/frames/6901a62c-263c-4e79-a52c-b631facb7590.jpg,3.986363188072573,705,424,46,46,
images/frames/43c4f206-0eac-4a24-bbd5-478bcafb8562.jpg,5.130045180150773,704,417,49,49,
images/frames/95d9129c-193c-4e72-a989-400a3dd8a26c.jpg,5.538457194517832,703,416,48,48,
images/frames/209921a5-27a8-4a0b-b95c-318eb66dd302.jpg,4.194719151535537,694,412,56,56,
images/frames/64cc96a7-d35c-4b08-bc8c-c4f396fd23c3.jpg,3.653283071646001,692,413,57,57,
images/frames/4d69f01a-99c8-44b7-b9e1-effac8764898.jpg,4.027483060199302,690,412,57,57,
images/frames/c476cd75-84dd-4ad7-8751-841b20513a9b.jpg,2.567989067349117,687,408,61,61,
images/frames/ee5c9970-4a59-422b-91f0-3101ccbbbace.jpg,3.736143117712345,690,408,59,59,
images/frames/de7a5ef8-bc08-4bb3-9078-374845f60fcb.jpg,4.02659009542549,693,402,60,60,
images/frames/c38946b4-0b6d-4410-9eff-912fcacac8cb.jpg,4.828394062351435,695,398,63,63,
images/frames/4382cd7b-fba9-412c-b64e-cf0a91e27874.jpg,4.368346055562142,698,399,61,61,
images/frames/664a7f53-4a29-4876-ba95-3beea8b24d50.jpg,5.257556176919024,699,397,65,65,
images/frames/fc361abb-c961-46d3-8588-3e7c2be84f66.jpg,6.212759183894377,707,398,64,64,
images/frames/a0f43e6a-a328-49bb-907a-667dfb5f0445.jpg,8.399918024952058,711,400,63,63,
images/frames/d8e86de3-6cef-4a25-9f48-50a9f71423c5.jpg,7.140486044401769,717,401,62,62,
images/frames/c60b2c96-7707-460a-9d74-d458dff8a77b.jpg,7.47529811662389,723,401,62,62,
images/frames/b55528fa-1d32-435b-9361-d34ebfbc29b0.jpg,5.560374058375601,730,401,62,62,
images/frames/068c94e2-53f1-407b-9c6e-e14b1cea1cee.jpg,5.030538168444764,744,398,64,64,
images/frames/94478239-1199-4f0c-97ca-fe698f8b4ef5.jpg,8.437113091174979,752,399,60,60,
images/frames/3ffde5b6-c5de-4829-af86-fd3250fc725f.jpg,7.960896089498419,758,397,61,61,
images/frames/722f82a0-3868-4f04-8b66-aba8879f7e72.jpg,8.762294015788939,762,397,62,62,
images/frames/09cf8069-3fe3-4bcf-bd5a-90032b6a269f.jpg,6.3793560693156905,768,397,61,61,
images/frames/8c47eace-f6c8-4031-b1fa-331052771ef5.jpg,5.276232060918119,776,397,60,60,
images/frames/bd892918-3573-4c0c-abe7-3f8edf8f9fbd.jpg,4.608273020887282,779,398,59,59,
images/frames/c2a9788f-22d6-48d8-9638-84ec572ec143.jpg,5.758752147841733,783,399,57,57,
images/frames/17e442d4-9863-4af9-8cd9-9218c1fd9e80.jpg,3.864113099349197,786,399,56,56,
images/frames/d000d851-d3f6-4998-820f-5a4522e1aff2.jpg,1.7956529827206396,786,398,61,61,
images/frames/20aeb247-bc9f-4ce8-8fa9-d16e883d33f8.jpg,3.787252150883433,778,396,59,59,
images/frames/133d94ed-4c5b-424f-846e-6dc4e7cc0799.jpg,6.3359650452039205,775,397,59,59,
images/frames/f1f66d87-8807-4f35-bae0-35ace599a7d9.jpg,6.761801174317952,774,397,55,55,
images/frames/9250da5e-9adc-4645-8d12-9f6c990bcc2a.jpg,5.917154100199696,770,396,57,57,
images/frames/ea56d15f-0d6d-47eb-927a-1d457600c770.jpg,7.069217168667819,759,394,61,61,
images/frames/784fb973-5033-46f3-97e0-1791e16e14a2.jpg,3.243852089100983,758,395,57,57,
images/frames/32f9951d-2bcd-4de5-8bca-bd694686f5ad.jpg,6.176410969521385,481,399,81,81,
images/frames/0cd87826-c7b5-4eed-8e41-4f24c77d6323.jpg,6.289164054032881,479,397,88,88,
images/frames/222d41cf-3c5a-40bd-9bc5-14887130e641.jpg,4.481427991588134,485,399,84,84,
images/frames/b3a3a2e1-7f7a-43d8-8e0c-21fcdb19ca55.jpg,6.748544102010783,774,441,26,26,
images/frames/608d92fb-bf1a-4a41-b968-ea1fda647360.jpg,8.783325069758575,779,442,26,26,
images/frames/c78ce550-c96b-4921-92e6-27bec98c1bd0.jpg,6.367405135068111,782,441,26,26,
images/frames/d408fceb-fc02-4fcd-a2ca-48f77c99fda8.jpg,5.339568102674093,795,425,31,31,
images/frames/57f3d48d-7d8d-4a29-9c7d-4556442304c6.jpg,6.8875240868655965,795,427,29,29,
images/frames/0e0c89d1-3cec-4ce4-9173-2630fc6958ad.jpg,3.571700091357343,793,425,32,32,
images/frames/aa066e41-e57c-4925-af09-bc2ec2505d11.jpg,4.57893709896598,794,424,32,32,
images/frames/347f80f2-fc2b-4304-ab4b-cef980fd249b.jpg,3.173482133424841,795,425,31,31,
images/frames/8a619668-f2bf-4686-9c0e-689f81ed32ea.jpg,4.944519992626738,797,425,30,30,
images/frames/5b4e4bce-f983-4c27-a4d0-fdb8661de305.jpg,7.26534201920731,798,424,30,30,
images/frames/36e69c16-86fd-4835-891b-4a70d27943d6.jpg,6.051527063304093,799,424,29,29,
images/frames/6f640b3f-7155-4d67-8f4e-2c1ce467d98d.jpg,4.674745065567549,638,310,81,81,
images/frames/d2c8e40b-f347-42e3-b506-c3409b20f476.jpg,6.500954044458922,577,296,93,93,
images/frames/b08fb05b-75b5-4736-8c41-0ca3bfd76256.jpg,4.8887490662164055,568,292,89,89,
images/frames/c0c5ddac-492a-4f62-8d5e-d4a5a7e609e0.jpg,5.880141046305653,739,435,29,29,
images/frames/5305a798-18b7-4a0e-89f2-62f715faa409.jpg,6.593703116697725,557,286,91,91,
images/frames/a7598242-e3c2-4b01-b374-e074a4949adb.jpg,3.7929062207695097,739,435,28,28,
images/frames/87de7446-cd2e-4158-819f-9c95906774f6.jpg,4.92515904357424,536,271,94,94,
images/frames/8276b660-0042-4303-85c7-51ed4552ba11.jpg,5.9636109679122455,527,268,94,94,
images/frames/fd5d6885-5ad5-46b7-a0e9-632ec39e21f2.jpg,4.797248100105207,518,263,97,97,
images/frames/b77fe39f-ca71-452d-9763-cc0580581ae3.jpg,4.057151882967446,721,373,53,53,
images/frames/1a0f1d02-e9da-4e2d-ad99-8f31e103cb28.jpg,5.695735021203291,720,372,55,55,
images/frames/316681be-f96a-4cc3-bde1-6cdaa294d9a8.jpg,4.898798994428944,720,370,56,56,
images/frames/2ecfa7a7-c6bd-40da-969d-b97af3eb3b5a.jpg,5.77965597709408,721,369,55,55,
images/frames/a35c8571-24dd-47fa-8f98-b2a55f244626.jpg,6.670977960980963,722,370,56,56,
images/frames/b283421a-a199-49b8-a452-b5225c65cd8f.jpg,6.129092082497664,722,368,57,57,
images/frames/e9d1d67d-5045-4fbc-b281-3f5a1301d5ad.jpg,5.618579968751874,722,368,57,57,
images/frames/0e8e72c4-39da-4d53-b118-b8202414714a.jpg,5.433103115239646,724,369,57,57,
images/frames/d9095858-3cc1-4013-92fa-2aa79f39b459.jpg,7.665287013805937,725,369,57,57,
images/frames/41495f74-5899-4b0b-a7b3-99e5b76f4343.jpg,6.480725953762885,726,369,58,58,
images/frames/ecd90db7-9a44-483e-ae40-a5e4e7f9ca9f.jpg,6.036350133013912,734,368,59,59,
images/frames/54af4d5c-2cfd-45c8-98d9-fd5dc83befb1.jpg,8.715304023120552,736,364,65,65,
images/frames/d40be4cb-0c16-4ce4-89af-42d9621b3d96.jpg,9.289354078646284,738,360,69,69,
images/frames/63045835-ec6c-4600-ae57-1b057fc68979.jpg,9.768893971282523,739,357,73,73,
images/frames/cc403a21-0964-4c28-9e86-08b610374fcc.jpg,4.262283987773117,743,355,73,73,
images/frames/b4642dc4-44f1-4631-84d2-c103e411994a.jpg,5.22438905708259,743,352,75,75,
images/frames/8feb2e61-790c-4cf0-b2ec-1bc606e7d199.jpg,6.834130211384036,704,318,87,87,
images/frames/0c6c995f-9ebe-4d8d-a971-110433e96c3e.jpg,4.400109098525718,698,315,88,88,
images/frames/e69b2be1-cc6c-49bb-b3be-72b721e57456.jpg,3.924154183943756,654,305,94,94,
images/frames/f2eca2f1-b7fd-4d9e-bc1b-7104c479d3ee.jpg,11.494346033839976,338,206,147,147,
images/frames/c7fc28eb-168a-418a-a29b-765fd1d119f8.jpg,7.0894850583863445,287,175,163,163,
images/frames/298c7ee6-3f5e-4a6f-bd9b-3cafa10a31ca.jpg,0.7672990669379942,763,474,57,57,
images/frames/baa3f777-8772-4f53-a2a1-545088dbdc19.jpg,1.9036060147336684,757,463,58,58,
images/frames/4f491fc8-2ef7-4672-bcfc-a145f179a110.jpg,6.346474221849348,750,394,70,70,
images/frames/c78c15b9-51a5-4940-84f2-d10dbe867bad.jpg,5.48780303116655,714,378,47,47,
images/frames/99e7c651-6454-4bca-b883-075bfcc5ca60.jpg,4.230839067837223,708,374,51,51,
images/frames/04c543c9-12da-42eb-84d8-0532458dd756.jpg,3.51226718648104,706,375,50,50,
images/frames/17e0dd93-50cf-402e-912f-4abc1097a345.jpg,3.052079994988162,561,336,61,61,
images/frames/fb7ed8fb-540a-4f5c-88d3-4d8697783283.jpg,3.687525984540116,555,331,61,61,
images/frames/b5102bb6-26c6-4cb0-9167-d36cc20b9976.jpg,5.722762183693703,551,327,62,62,
images/frames/335e5ba4-de02-431b-956d-28098fb76615.jpg,5.78519612114178,547,321,69,69,
images/frames/368a1c99-42f4-4158-87f9-455868a055ef.jpg,6.374370141827967,543,315,73,73,
images/frames/99b68733-b906-4e7c-99cc-7a562419802e.jpg,9.4133880942245,541,312,74,74,
images/frames/5af8fbe3-652a-4cf8-b362-0a9c491bcab1.jpg,6.394585167465266,540,309,76,76,
images/frames/242aadd1-4f58-407a-a120-1af972bf98aa.jpg,3.466639229503926,541,309,77,77,
images/frames/ead5d142-ff31-46ab-8025-198d598016b0.jpg,3.24057707056636,544,312,77,77,
images/frames/d0e6e671-19a8-4654-b5da-71f707abe8ea.jpg,2.195115062582772,543,312,80,80,
images/frames/e847b974-e50f-4a90-8b63-24e199f9f1ae.jpg,0.1987160682328976,553,320,72,72,
images/frames/674e6b0d-6001-443f-b18d-bf050da48f32.jpg,4.825537023541983,545,314,84,84,
images/frames/54775682-0270-4710-8865-2944c40e678c.jpg,9.226134185562842,556,305,92,92,
images/frames/a70839db-88ce-4dfc-abc5-41e98a02b099.jpg,9.753314067784231,557,304,100,100,
images/frames/b9acbc05-8da9-4074-9512-0b5416df3da9.jpg,8.745054096158128,563,309,100,100,
images/frames/c6730060-544c-41a9-93bc-325681a27b6b.jpg,4.0869989803177305,564,314,106,106,
images/frames/afb7431a-c6f0-4320-b1f1-525699b825a6.jpg,5.197825187700801,564,331,103,103,
images/frames/24523f06-96ab-4edb-a7f0-ab4cd4e08086.jpg,5.354661231103819,560,335,110,110,
images/frames/5b372091-e7bd-4714-8da2-0ef16d8d301c.jpg,4.727323207014706,558,339,112,112,
images/frames/b57d6f8f-6df6-4485-897f-17046545c6a0.jpg,5.231862110493239,559,345,109,109,
images/frames/a76db7c8-6f80-4dee-a24c-82248488fd8a.jpg,6.984892184787896,538,341,118,118,
images/frames/5f6a09ce-3f64-4965-b4ac-16d1575e72fd.jpg,0.9093754887580872,494,230,90,103,
images/frames/8345ccd8-2cdf-472d-a5f1-d86ebb84d78b.jpg,0.9240432381629944,512,245,81,88,
images/frames/0e0e2798-8b70-4b6a-b0c1-2a63b898b16c.jpg,0.992151141166687,520,255,85,93,
images/frames/e6ec9dc9-84a1-4be6-a3b6-71ab0c3ef4f3.jpg,0.9760520458221436,541,272,86,96,
images/frames/092b7c5b-5331-4c07-9890-dbf55bb3d338.jpg,0.9449254870414734,571,291,73,89,
images/frames/185a862f-351f-4206-b2c9-32a151ebf87e.jpg,0.9150174260139464,580,306,77,88,
images/frames/ed5943ca-b0bd-406d-8111-3ae178273bcf.jpg,0.9435341954231262,588,311,73,91,
images/frames/ceebbe9f-ccba-432d-bc45-ca893356f852.jpg,0.983939290046692,593,321,72,88,
images/frames/70389536-19d9-4b8a-8d7a-c9fa0b279c39.jpg,0.9184274077415466,597,331,77,81,
images/frames/47d916d6-aa67-401b-8f7c-d4cb0bf11651.jpg,0.9973251819610596,4,76,170,218,
images/frames/af51fd52-8b2b-4d84-9d59-ddaaa9047609.jpg,0.9986332058906556,4,80,175,221,
images/frames/255e1243-9e45-4769-8f9d-c55c0b009b87.jpg,0.9991042017936708,8,95,188,231,
images/frames/b2a5313e-e376-4b2c-abb5-378761b0b515.jpg,0.999382257461548,12,98,184,230,
images/frames/b30300d1-0ac8-4258-be52-9f5307f4f48e.jpg,0.9997456669807434,17,100,183,236,
images/frames/87e8f147-2228-4778-9833-62b356448c38.jpg,0.9991735816001892,21,103,188,238,
images/frames/71931424-7746-40c2-81b1-4cd826d30297.jpg,0.998798966407776,25,107,184,238,
images/frames/497e15f6-25a4-416f-98d7-317e7304d701.jpg,0.9226280450820924,42,112,171,236,
images/frames/a8f48fc7-2d09-40d5-8999-863ba0aa65f7.jpg,0.9802542328834534,59,127,175,226,
images/frames/7983dbd4-85be-4ced-90cb-868063ce761a.jpg,0.9934707880020142,64,125,179,225,
images/frames/867d3769-f5f9-4126-888b-240443822475.jpg,0.99704247713089,72,125,171,220,
images/frames/2fbae5e5-bffc-4434-9111-352497a54695.jpg,0.9969191551208496,85,120,166,223,
images/frames/0c05bf15-2f61-4834-aaab-74e36093a87e.jpg,0.996126115322113,76,115,171,221,
images/frames/2dc9387a-a753-47f9-8470-98b0390ee328.jpg,0.992110788822174,81,110,166,213,
images/frames/a18fe3cb-4fd3-435d-9a26-cb34b8dd3758.jpg,0.978715181350708,76,105,167,211,
images/frames/e49c5346-8861-48cc-b8f9-f7932db432b1.jpg,0.9680979251861572,72,103,158,206,
images/frames/caf3db67-f340-4c04-b9d4-3631dacc9e9a.jpg,0.9469855427742004,51,93,158,186,
images/frames/a7f77b72-3bb2-46a1-b283-a80d3e802cc6.jpg,0.9752920866012572,409,144,107,143,
images/frames/d113e727-81ea-49f0-9101-38bde534a611.jpg,0.9425262212753296,430,159,111,135,
images/frames/ef8f069a-a95b-46f1-8cb7-dac06e1576fc.jpg,0.970355987548828,499,203,102,120,
images/frames/9c7d0ecd-5866-49dd-ae6c-e1dc29a27dba.jpg,0.9758867025375366,520,223,102,115,
images/frames/d0d29180-5182-4650-a1a5-22695d962fcd.jpg,0.9951536655426024,546,240,94,105,
images/frames/e1caf656-f786-463c-93e0-05fce17f9647.jpg,0.9298375248908995,563,250,98,105,
images/frames/6cc84da7-a9de-4d69-8f40-26e4dc3f76f1.jpg,0.9917238354682922,593,274,93,103,
images/frames/e38939de-2a39-4724-bd3b-f2bcd0c3c2b4.jpg,0.966355562210083,610,279,85,101,
images/frames/10116166-e606-4ab2-9c27-e29a1136bdca.jpg,0.9924772381782532,618,282,81,108,
images/frames/1763b365-2b24-495e-b7d9-e587891164f5.jpg,0.9822386503219604,627,296,89,89,
images/frames/614bd6b1-421b-4c92-bfd6-1eb80d0690b0.jpg,0.9158155918121338,644,299,81,95,
images/frames/2c63e782-f38b-4458-bb76-0cabbade8e0d.jpg,0.992511749267578,657,306,85,101,
images/frames/aa7b108b-c463-499d-be06-8856ad42b708.jpg,0.9927734732627868,661,314,89,90,
images/frames/e0ca52c6-317c-48bb-9026-53ec4c1ef6e7.jpg,0.9824185967445374,665,318,85,96,
images/frames/ab78805d-0cb2-4180-8bcd-305c624c470e.jpg,0.9121943116188048,674,318,81,96,
images/frames/d10c5fa7-6fc4-4f02-b115-dc96f42dace0.jpg,0.969579815864563,682,323,81,91,
images/frames/c54cdb3d-44cf-4060-8d94-772a4323175c.jpg,0.9756335020065308,682,323,81,91,
images/frames/14453ee1-9709-4da4-b442-4465db8cc8b5.jpg,0.9783312082290648,682,323,81,89,
images/frames/1eb1248c-04f3-4f57-9030-42303b5f155d.jpg,0.973520815372467,682,323,81,89,
images/frames/220feb34-9505-4e5e-8540-e75c7176b004.jpg,0.9647619724273682,678,321,85,88,
images/frames/7e645ae1-76d3-48f0-8fce-cbb51479ba97.jpg,0.9107414484024048,674,309,85,95,
images/frames/e67c0226-df81-43f1-b8c1-d012f75304d3.jpg,0.9793668389320374,661,301,89,89,
images/frames/654000d7-75d3-4c02-844f-3710e193f8e1.jpg,0.9891568422317504,661,289,85,98,
images/frames/05c3c916-faeb-422c-ac47-75aae1a35074.jpg,0.9901492595672609,657,282,85,95,
images/frames/1e88912a-51f3-4bc2-8ff5-3d0d45cd6fc0.jpg,0.9845408201217652,648,260,85,103,
images/frames/32ccca55-2533-49c0-98d2-cf910407d9c7.jpg,0.9155765771865844,640,250,89,98,
images/frames/40c7e6f4-9f54-4244-b28d-eef7268e29d1.jpg,0.961806058883667,627,218,98,98,
images/frames/927a0a91-a4b8-497e-9d8d-15347c2f1cd0.jpg,0.984294891357422,618,201,86,95,
images/frames/a394cdbe-da91-4630-bcf4-bb8bf24f6c5e.jpg,0.9626004695892334,605,188,99,106,
images/frames/44277017-1b59-40cc-9e40-f7c2bda79e19.jpg,0.933360755443573,593,184,102,103,
images/frames/d4b5f506-7f73-438f-b033-83bbe940d6b8.jpg,0.9970616698265076,584,171,90,111,
images/frames/b6df32a8-a8fc-4bf2-bc73-573adf5fb13a.jpg,0.974595546722412,563,166,98,116,
images/frames/f5baa55c-c185-4978-8b61-ae7eee498872.jpg,0.9942863583564758,512,154,106,113,
images/frames/4ae15a66-8c12-44af-a7e6-7175223f0bbf.jpg,0.9462206959724426,486,147,107,117,
images/frames/4b64cb57-2bb3-430c-a7c9-03663325e4b1.jpg,0.9054326415061952,456,137,107,120,
images/frames/4a6a243a-844f-4070-8cbe-c850aec2c744.jpg,0.951037347316742,426,134,111,123,
images/frames/2655d798-2cd5-48d8-9c58-d1be565f870e.jpg,0.9617663621902466,430,147,111,135,
images/frames/8b663b3e-ef03-485e-b267-336d31bb24ab.jpg,0.9298843741416932,448,166,110,121,
images/frames/687e7671-5ab5-46d9-b5c5-151c5bc56a49.jpg,0.9354287385940552,482,193,115,113,
images/frames/0e25183e-98ed-42a4-9cdf-7063e31e5296.jpg,0.9798628687858582,537,223,111,127,
images/frames/1a384ebe-8b20-4ea8-b4b2-47bad0b9bade.jpg,0.954957902431488,554,237,107,111,
images/frames/2efabd67-6d97-445d-bb5c-07931f9e0a15.jpg,0.9960784316062928,584,250,102,115,
images/frames/3d10f638-3433-4b2f-ae8d-683ab71656f6.jpg,0.954339861869812,593,252,106,120,
images/frames/2476ca39-a635-4faf-aac4-f34e7c57a7b3.jpg,0.9442307353019714,593,252,115,125,
images/frames/0d4591ea-562a-4f8e-a1a0-fbab57e1c9e9.jpg,0.9968132376670836,610,257,106,125,
images/frames/5af01617-53e0-4439-9c16-e73b65510d05.jpg,0.9917696714401244,618,260,107,122,
images/frames/e2a851fc-8ea2-4ad9-afa7-96358bf81c98.jpg,0.9674355983734132,631,260,102,125,
images/frames/e46e3d4b-ce30-4c72-862d-255676119e46.jpg,0.9833301901817322,635,260,103,120,
images/frames/5f3bcaaa-7618-411a-a4d9-1624a422e880.jpg,0.9901388883590698,640,257,106,123,
images/frames/cd341242-bcd0-4c0f-815b-19df486da7a0.jpg,0.9952837824821472,648,250,107,127,
images/frames/2d08d250-a10a-4ae9-bff6-f2ffd882b334.jpg,0.9937604069709778,648,245,107,127,
images/frames/12c47c72-5ba4-4710-b33f-9990e65d7db8.jpg,0.975616216659546,652,228,111,122,
images/frames/5c0fc182-e00c-4c99-9ed0-bb4d0a80c1a2.jpg,0.9347718358039856,657,210,111,133,
images/frames/eb18d19b-e985-46b4-9e37-b94a59c31310.jpg,0.9522041082382202,635,68,141,172,
images/frames/7be269f5-54e3-4479-b459-80ab015fb988.jpg,0.9950778484344482,631,56,145,172,
images/frames/c04fa8bf-7fde-4e89-b0ee-368888772668.jpg,0.9989349246025084,618,22,154,193,
images/frames/e3f90497-e26b-4e15-b3f1-aacf5655856d.jpg,0.9990888833999634,610,9,162,209,
images/frames/827a5134-a2ed-498d-8939-5677c8ff6e5c.jpg,0.9991955161094666,601,7,171,213,
images/frames/8748e3f1-80c1-44a8-9730-5a3163f11d28.jpg,0.9986018538475036,593,4,179,214,
images/frames/0c154b1f-7204-48ec-8634-ae7ab0bb3f60.jpg,0.9973579049110411,588,0,184,220,
images/frames/fb604a12-1ef9-42d4-9491-aaa84e22b269.jpg,0.9997162222862244,576,0,196,223,
images/frames/7131d69c-80d9-4824-bc56-85d599c15021.jpg,0.9999487400054932,563,0,205,220,
images/frames/f481b056-f6c4-4b22-ab70-497ba206fa43.jpg,0.999969244003296,554,0,205,215,
images/frames/5b878854-80ba-4fa8-bd49-159486aa268f.jpg,0.999940037727356,533,0,209,203,
images/frames/2b4bbf7b-1e32-4db0-bda6-471a64c7dcbb.jpg,0.9994223117828368,512,0,204,191,
images/frames/620bf04d-5f10-4b27-b74d-098d9a1da2e1.jpg,0.9963197708129884,473,0,205,169,
images/frames/d4d2c8bf-e612-4e71-96ee-871e3263739f.jpg,0.9743632674217224,473,220,94,118,
images/frames/68463451-bed0-4b23-b740-04c10543603c.jpg,0.9929787516593932,439,171,90,118,
images/frames/d9f93837-3a70-4af9-936a-551d3f567546.jpg,0.9880792498588562,405,154,102,123,
images/frames/6daf0f58-660e-4697-bf16-da2b9aa4c45e.jpg,0.9131134748458862,699,287,90,95,
images/frames/90c0a938-655d-4087-9650-6d084848d7f7.jpg,0.9753809571266174,691,269,85,103,
images/frames/99690ae2-1143-46ec-89a9-b5f190b2b66e.jpg,0.9812095761299132,657,245,93,93,
images/frames/8c4682b2-b931-4498-9a1f-c547611003cd.jpg,0.9788838624954224,635,223,98,110,
images/frames/ac0c455a-1650-406a-ba72-07615bc312f0.jpg,0.9838777780532836,618,213,103,118,
images/frames/1768e524-5d5b-4589-a62d-89ab8a40e19b.jpg,0.9542049765586852,533,225,136,201,
images/frames/b8025e9d-75f8-46b7-b931-dae3536a8b39.jpg,0.9759225845336914,524,228,150,208,
images/frames/0eaf68b3-7f7e-4079-aa02-68d1697a3ba5.jpg,0.9920485615730286,520,230,162,201,
images/frames/418a965b-6b75-46fb-924a-473bad4b5cfe.jpg,0.983300805091858,512,223,183,235,
images/frames/15de1007-6d91-4a7a-80a5-f629f0d60500.jpg,0.9650137424468994,507,228,197,247,
images/frames/5ccedd2b-a3ff-44b8-92e2-4df66961debf.jpg,0.9203981161117554,503,225,205,255,
images/frames/fd9e696d-7f8f-41e4-afe2-d32bb8e368b7.jpg,0.91803377866745,473,201,260,297,
images/frames/997fbc14-5f81-441d-ad33-e0211704257f.jpg,0.9994373917579652,469,174,286,363,
images/frames/e458a66d-a6b0-4fd5-85dd-792e4afa99e2.jpg,0.9999514818191528,456,161,316,395,
images/frames/45746cfb-9166-4666-a946-733107df0bc9.jpg,0.9999855756759644,443,157,337,407,
images/frames/08eac5ea-198f-4d7d-bac9-dce0a335e95b.jpg,0.9998292922973632,452,152,341,439,
images/frames/25c48bf5-5a60-43d7-ad86-4631940cd9a7.jpg,0.9986054301261902,456,137,346,459,
images/frames/739c01c0-2cc6-40a1-99fc-72af638500f3.jpg,0.9598933458328248,448,115,366,505,
images/frames/4237ce29-1062-4696-9a8a-429d1a082d3a.jpg,0.9751806259155272,443,98,380,527,
images/frames/2e634803-131b-4aba-83e4-3a5756f0004d.jpg,0.985798954963684,439,88,388,542,
images/frames/6458e2fa-68b6-4b2c-a950-c0087e6ab079.jpg,0.9924680590629578,430,73,406,564,
images/frames/ba614f53-ca0f-4e47-8603-80d2412c9e46.jpg,0.994472324848175,430,66,414,574,
images/frames/980b0908-a6fe-4f95-91cc-ac9ee0c9f66c.jpg,0.9955019354820251,426,56,427,591,
images/frames/8926d063-5b2d-428c-87cc-7dc4db821523.jpg,0.9839297533035278,413,53,431,587,
images/frames/fbbd6c56-5424-4442-90c3-5c99dbbf21dd.jpg,0.9833537340164183,392,51,431,606,
images/frames/89bc0ae2-92b1-4665-9e5f-60713918027c.jpg,0.9555322527885436,379,46,435,606,
images/frames/980683bb-8696-41de-a553-574c9597b3a2.jpg,0.913058578968048,738,269,507,665,
images/frames/a2a57bfb-d0a5-457b-9202-98dc4b9ecb3b.jpg,0.9224022030830384,738,269,512,685,
images/frames/6155d3e0-aac4-4a67-9b05-e19721510c74.jpg,0.922931969165802,746,269,504,685,
images/frames/a52e817e-8fb1-4b9d-a9ce-36eb34b7a5bc.jpg,0.9189280271530152,755,260,503,686,
images/frames/01efffc0-712e-4e98-9d9f-65c0f07ebfca.jpg,0.9013910889625548,119,247,85,91,
images/frames/84dbe9ee-65d6-40b1-b952-4dda4537a173.jpg,0.9780985116958618,217,46,145,174,
images/frames/e2c1304f-42c6-4fd3-bef3-d40fa07a7a40.jpg,0.9975088834762572,251,71,141,189,
images/frames/8c3c1d87-d504-4fa0-a7af-afa24d05289b.jpg,0.968661904335022,264,78,145,199,
images/frames/f3f293b7-7af1-4488-ac9b-0ad163109537.jpg,0.9886199235916138,277,88,145,191,
images/frames/53806e3a-2fca-4c4b-988f-11610142f595.jpg,0.9838152527809144,298,85,141,192,
images/frames/abeb513c-2f00-4499-b0ca-95f27f8d671e.jpg,0.9874207377433776,320,85,140,182,
images/frames/61571e5b-d656-4b7d-80a1-74443ce37abf.jpg,0.9642056822776794,482,201,102,117,
images/frames/cb2c2fc5-a735-4c23-8d5c-308f0f9482ce.jpg,0.9877647757530212,516,235,102,118,
images/frames/81cc91a4-1e19-4a56-92fb-b89d203e6e45.jpg,0.9178321957588196,533,247,98,118,
images/frames/5566c726-b6d4-476d-8e46-dd30201ab0d3.jpg,0.9837036728858948,571,282,98,122,
images/frames/3dc7685d-6046-40f4-89a0-61065e059dbe.jpg,0.9975008368492126,584,291,102,118,
images/frames/ca7ec6ba-11a5-4141-93ce-530e61509c33.jpg,0.9836797118186952,588,294,98,120,
images/frames/6e8003eb-616d-4998-8eb2-277565e434ea.jpg,0.9111559391021729,597,289,102,123,
images/frames/1e7d6d07-f30c-4851-96d8-e24fa51b269e.jpg,0.982793927192688,610,277,98,122,
images/frames/465025aa-8548-414a-8f71-765a52cfaf65.jpg,0.995192050933838,614,262,102,130,
images/frames/83d890ab-6f65-4498-80ab-f42fa516579e.jpg,0.989525556564331,614,252,107,125,
images/frames/f1c69ca4-a235-4b7e-a19c-9dea336758ca.jpg,0.9261707067489624,610,240,115,123,
images/frames/004b45e0-d8da-4ac8-9d7d-e3d2c4c387e8.jpg,0.9735355377197266,601,130,145,188,
images/frames/e1eafe6b-22c5-4420-8ed2-fbfab2f39039.jpg,0.9806265234947203,605,115,150,199,
images/frames/319c0893-ac8a-4b3b-8aa3-0602ed6274af.jpg,0.9953043460845948,601,100,167,211,
images/frames/5c627a36-74bf-497a-961c-b7bea5a8088d.jpg,0.9989473223686218,605,83,180,238,
images/frames/1cd92251-7dca-4a00-a8a2-23964bc944c5.jpg,0.9995587468147278,605,80,188,248,
images/frames/c53ee5e2-d50e-4317-9a0a-f8430bc5def5.jpg,0.9994608759880066,605,78,192,258,
images/frames/928f1384-2436-4984-a5de-7656fc1cb437.jpg,0.9927095174789428,601,80,205,275,
images/frames/607a0c73-38cf-407d-96a3-ff5b39165434.jpg,0.99028342962265,601,85,209,280,
images/frames/6f5fd165-114c-45c5-8e8d-a5cf6e422dfc.jpg,0.9773375988006592,601,93,209,294,
images/frames/f3b2b7d1-7632-41df-8a46-e838554594cf.jpg,0.92543762922287,605,107,214,295,
images/frames/20818cd7-acbf-4f7e-b01a-976de35546f1.jpg,0.9311696887016296,601,120,222,292,
images/frames/247a398a-834c-499e-8a1a-bf583e360e19.jpg,0.9558039903640748,601,188,222,278,
images/frames/826d9e99-3c3c-4a7d-95e6-f5c68448135a.jpg,0.9905070066452026,605,203,214,270,
images/frames/bf1930ad-3875-40be-b2eb-72548a693ad3.jpg,0.9995446801185608,610,210,200,265,
images/frames/00d3faf8-ea8c-4cda-a7f2-56fe90255e4d.jpg,0.9998496770858764,614,218,192,257,
images/frames/0b36147d-f427-4c3c-a9f4-524af14fac2e.jpg,0.999882698059082,622,225,180,246,
images/frames/c4b2ee75-ab4a-4299-8e75-7ae6c7cbcf65.jpg,0.9999377727508544,631,250,158,218,
images/frames/eab6dbc0-6969-4163-9dd7-858b68e9579c.jpg,0.9990708827972412,635,262,141,201,
images/frames/895c290e-a18b-493e-a294-d01b9f1a7cb9.jpg,0.9919276237487792,631,279,137,187,
images/frames/e22e9280-8248-4113-87ad-5e44d7e64c4c.jpg,0.9516696333885192,627,287,132,174,
images/frames/478fefc8-6ef5-479a-829e-59a2bbdff6f3.jpg,0.9360558986663818,631,299,107,135,
images/frames/a2fdf887-0507-4b06-bbc9-8fcef687060a.jpg,0.9246734380722046,627,299,106,125,
images/frames/74c424f3-f3fa-4651-b1b9-d983cc16b035.jpg,0.9680067300796508,627,296,94,118,
images/frames/66d60f4e-c3cb-45c9-a396-c4a35d5aed18.jpg,0.997380793094635,618,289,103,115,
images/frames/525d0412-91cc-4283-8177-48b90d17ac86.jpg,0.9978806972503662,614,282,90,117,
images/frames/af766bc2-ad1f-4b98-90bc-14b0fd4c7556.jpg,0.9567827582359314,597,277,89,103,
images/frames/3b3f40aa-8610-447b-8c1e-2b36d5384ae6.jpg,0.9973024129867554,588,269,98,106,
images/frames/cbef3fb5-5612-42ef-872a-f6ee81cee0cc.jpg,0.9957664012908936,584,262,90,110,
images/frames/9d9dc1e3-310b-40c7-9546-8111ee71581c.jpg,0.9749909043312072,584,262,81,98,
images/frames/f2fc0fdc-d3da-4153-8f31-68b5f5f9c6b0.jpg,0.9667789936065674,576,257,85,98,
images/frames/eccb4299-d610-4e6a-990d-37e918cbb7df.jpg,0.9906708002090454,558,257,94,96,
images/frames/5fdb99d0-61fc-4fe9-b66a-9202456a967b.jpg,0.9912135004997252,554,257,86,96,
images/frames/dd5794cb-5629-4db7-8847-30622a52d4d4.jpg,0.9906935095787048,550,255,81,98,
images/frames/41a1b4ca-e232-494d-8dc4-be632394a3c3.jpg,0.9669125080108644,546,257,81,96,
images/frames/a1f50921-fb1f-4033-b8b0-31c860b6726d.jpg,0.9780229926109314,524,262,90,91,
images/frames/a0296f21-eedd-4821-8ea7-3acd8d001d81.jpg,0.9847419261932372,524,262,81,93,
images/frames/f0041f2c-6a12-454d-ad21-4ceea5fd3f88.jpg,0.9878153800964355,524,260,81,100,
images/frames/aab336c4-154c-443c-9f0f-8d4041715ab2.jpg,0.9850897789001464,524,262,81,96,
images/frames/42126670-7df1-4e8f-8cc9-637eebc502c2.jpg,0.9873398542404176,524,262,81,98,
images/frames/78c8083b-dc2c-4a08-9fba-14b02e245168.jpg,0.989773452281952,529,262,81,106,
images/frames/08cf1ebc-0386-4e1d-bdcd-3f722afdc6b8.jpg,0.992480993270874,529,262,81,106,
images/frames/63af71ff-9d41-4a37-80b0-8234ad3b370e.jpg,0.9913862943649292,524,262,86,106,
images/frames/7d9c50e1-667b-4121-80c9-1d7c7d2fb738.jpg,0.9935057163238524,520,262,85,98,
images/frames/f56d4d02-de08-4d5e-a1e8-7f2375f3912d.jpg,0.9958998560905457,516,257,85,101,
images/frames/80ef6314-c647-4a68-8c2f-68db24ba6453.jpg,0.9384716749191284,499,250,89,100,
images/frames/6f9b19a2-b05d-4a81-9a0f-d6391fe6213a.jpg,0.9939967393875122,490,240,90,110,
images/frames/4eed3743-728c-41bd-a3f8-525b996f1051.jpg,0.9927343130111694,482,240,85,103,
images/frames/0de1c1a7-193d-449f-9b7b-907808309d3e.jpg,0.9711227416992188,469,237,89,101,
images/frames/a4424ef4-10ea-4c58-b508-8640b0adf202.jpg,0.9934418201446532,456,228,90,108,
images/frames/8ef8ac93-86b8-4728-9a70-dd27475e08de.jpg,0.9863535165786744,418,213,98,108,
images/frames/8ba7817c-67c8-425a-9494-9e2e1620da3b.jpg,0.973661482334137,396,206,98,110,
images/frames/27b870a8-a610-49ac-9b99-fe2087c389a4.jpg,0.970143735408783,337,188,111,121,
images/frames/9a45944a-6037-46b5-9c98-c3c3a0e69a2c.jpg,0.9518812894821168,315,186,111,120,
images/frames/8f66d312-f3c6-46b2-b1f7-1d615c771e8e.jpg,0.9636924266815186,268,159,107,123,
images/frames/16b9d0f5-3052-4a45-9652-2e6c365620b8.jpg,0.9447786211967468,371,100,115,145,
images/frames/4524ca2e-f73b-4c22-8790-b5f4288cb0c7.jpg,0.9378617405891418,413,125,107,152,
images/frames/a0302162-cb60-4206-a6e1-7664b6e523aa.jpg,0.9728124141693116,448,142,102,145,
images/frames/3d314a12-c131-4c5f-aefb-d80b96de92f6.jpg,0.923193097114563,482,159,81,118,
images/frames/c2a6ea1d-c21e-421c-8aca-7633bdd0bb8f.jpg,0.974349081516266,486,161,98,121,
images/frames/0bc8f955-873d-4964-b245-94f31d96558b.jpg,0.9684447050094604,503,166,94,121,
images/frames/20732583-0469-4056-9d7d-1da847671864.jpg,0.9803411960601808,507,171,94,120,
images/frames/44999022-658d-47c3-b3e0-33841b2dbdc8.jpg,0.963329553604126,512,181,98,113,
images/frames/c7b58cc1-4ced-4f1d-aade-6ccfdef225ae.jpg,0.9895776510238647,516,184,98,115,
images/frames/b7889653-7a64-4962-a61e-7d7fcf486d14.jpg,0.996181845664978,516,191,98,113,
images/frames/2212456b-b409-436a-8395-6116342a28d2.jpg,0.9929174184799194,520,196,90,105,
images/frames/d2307e97-f4bf-403d-9fdb-048b40de6b69.jpg,0.987244188785553,520,201,90,103,
images/frames/9be44fc1-6870-46a4-9911-80cbda66a115.jpg,0.98823344707489,516,196,94,115,
images/frames/7c863fec-68ff-4558-a334-936ddb1e2bf8.jpg,0.9921512603759766,516,198,94,113,
images/frames/8d7092e5-9179-4c0e-b769-5233fd407807.jpg,0.9948705434799194,516,198,94,116,
images/frames/9660dc84-c5f7-4ab5-8aa6-e78f44c9f80b.jpg,0.995303750038147,516,201,94,117,
images/frames/da0b22b6-3242-41bb-9813-613abdcaa07a.jpg,0.9957719445228576,520,208,94,113,
images/frames/108eef1b-6e6b-44bc-a0d7-6db00911a121.jpg,0.946893274784088,529,218,89,113,
images/frames/5cefe457-f2e2-4f66-8cfc-81e09d5be903.jpg,0.9353147745132446,533,223,94,108,
images/frames/70f85564-cc9d-4c09-8ed0-2058dc9e9c69.jpg,0.99469393491745,546,230,85,108,
images/frames/59ecba79-21a5-4f35-a08b-3330e6b30174.jpg,0.9939852356910706,554,237,81,106,
images/frames/2500c201-ff44-4266-8c36-70dcf81b0ec2.jpg,0.9855756759643556,558,240,90,108,
images/frames/9e342cde-2708-4046-952e-ae41c57f8fff.jpg,0.9250508546829224,576,250,81,95,
images/frames/378d11d4-eb78-471c-9870-c76f66be2df8.jpg,0.9939876794815063,584,250,81,103,
images/frames/59b09844-5243-4f7e-bc9b-295147de9866.jpg,0.9941518902778624,588,255,81,103,
images/frames/7e085dcb-0656-4897-9346-d6a7b91aebf3.jpg,0.9920443296432496,597,262,77,96,
images/frames/6bfbbef8-f8f2-4437-a908-e63865710487.jpg,0.9718733429908752,601,264,81,96,9.0
images/frames/37eb4e84-ffb6-4ae6-80b6-4718766f9603.jpg,0.9022946357727052,614,267,77,96,9.0
images/frames/0013e317-7f36-4563-af69-afc91b4f0edc.jpg,0.973620057106018,618,272,77,91,9.0
images/frames/9a557228-95d1-400b-bd5a-8edef0603574.jpg,0.9935185313224792,618,274,77,96,
images/frames/c4642770-32b6-4ce8-b212-5e4303dcf424.jpg,0.990351378917694,618,277,81,95,
images/frames/e62f41ba-cc98-4033-b7fb-1013ae60b061.jpg,0.980562150478363,622,284,77,91,
images/frames/6b070267-c366-4dc2-8e10-efa32a228c6c.jpg,0.9643803238868712,622,287,77,90,
images/frames/2ae875cb-aee8-4c14-8627-6f058fe670a3.jpg,0.9612967371940612,622,291,73,86,
images/frames/bef2a9a0-8b27-4db2-ab4d-fcf9d73d6245.jpg,0.9737011790275574,618,296,77,86,
images/frames/69418539-a4dc-4c5c-a2c7-6cee8664d614.jpg,0.9489650130271912,618,301,73,84,
images/frames/2b7af92a-18a0-482f-8b8d-234fc5ad514e.jpg,0.9329710602760316,430,262,73,81,
images/frames/89c9955b-48df-46cc-bae6-a6f4dc8b66d7.jpg,0.9262518286705016,418,252,72,89,
images/frames/b8642c55-38c0-41dc-bc2d-eb7bb3377ecf.jpg,0.9730937480926514,388,245,81,88,
images/frames/09876803-75fe-4072-bf9c-14db9c821108.jpg,0.965957522392273,375,237,85,99,
images/frames/2397584f-5756-4720-9aa0-3bcc38323c16.jpg,0.988197147846222,349,225,81,91,
images/frames/7958280e-47dc-4d16-928b-9b658b8214d7.jpg,0.9582031965255736,337,213,85,98,
images/frames/d5c104e9-7b55-4626-ad67-829cfb17faa8.jpg,0.9725754261016846,302,191,86,98,
images/frames/5e7299a8-b2f6-463b-8319-117ebeea568e.jpg,0.9650638103485109,285,169,94,108,
images/frames/f548470e-7463-4535-8a4d-e3591fc157b1.jpg,0.9336385726928712,277,245,81,91,
images/frames/b96ef90e-4b0f-438c-bf7a-508ca3537ca9.jpg,0.9584333300590516,140,188,77,101,
images/frames/c143b63e-99fe-47f3-a3f9-ea924bf24282.jpg,0.9028509855270386,119,181,81,93,
images/frames/e73292be-774f-46d3-b4a1-086802bb1713.jpg,0.9262803792953492,627,272,102,113,
images/frames/3b38d0b9-3a32-4681-a8ce-7eef5858392b.jpg,0.934360921382904,627,284,102,110,
images/frames/68372dfa-79f3-48a7-a053-aead1e80c028.jpg,0.9554393291473388,622,284,103,113,
images/frames/2f7b772b-ae88-4290-8e2b-9ecac14f74ce.jpg,0.9762311577796936,627,287,98,110,
images/frames/4f958e65-b04b-4cbd-803c-b7d82f7fd9c8.jpg,0.9735134840011596,627,289,94,105,
images/frames/967e537e-c7f4-4cdf-960d-bbfc303498ff.jpg,0.970732569694519,622,291,99,103,
images/frames/747e4052-a558-4ca6-a2c5-5fa3f705ff12.jpg,0.9768051505088806,622,291,99,103,
images/frames/e1a59ce1-8577-4440-aaf3-ef8ef88a6a54.jpg,0.9720914959907532,622,289,99,105,
images/frames/088d19a1-8bce-4e27-9e15-5901bd1c1f13.jpg,0.9778857231140136,618,287,103,112,
images/frames/8c3b337c-590d-4675-95e1-80d4b05194c9.jpg,0.9374831914901732,618,284,107,113,
images/frames/bc8a417e-0304-4d99-bdbc-9c14e52c0768.jpg,0.9485743045806884,618,284,107,113,
images/frames/f8fdee15-fa42-4a38-8744-71a01dd9fa94.jpg,0.9406323432922364,618,284,111,113,
images/frames/0eed587d-0041-4b6e-970d-6192de05107a.jpg,0.935075581073761,627,277,111,120,
images/frames/66e98259-a603-4dae-9a9a-e69e791d159b.jpg,0.9344757199287416,635,277,103,120,
images/frames/f87c3a33-6c16-46d6-b47f-d207e7e80231.jpg,0.9473745822906494,635,279,103,118,
images/frames/d7a5cff7-b6b3-4be8-8925-1b1703fcb219.jpg,0.9638793468475342,640,279,102,118,
images/frames/0e3ac76e-81e5-4cc8-b50f-f35d49f509da.jpg,0.9782100319862366,644,282,102,105,
images/frames/72ed54cf-b894-469d-a007-0149753795ad.jpg,0.964378297328949,652,282,98,112,
images/frames/95c04961-42d6-4ec9-9749-3aecfaf6815f.jpg,0.990317702293396,652,272,98,118,
images/frames/2412927d-285f-4a04-819b-74d06f7b245b.jpg,0.9928058981895448,652,267,103,118,
images/frames/be6da4a2-e16f-45f8-b38f-fb7a7d0c8a95.jpg,0.9912021160125732,652,262,103,113,
images/frames/fbcba5bc-a9d1-4cca-9403-e7d0bd08c3a9.jpg,0.9957013726234436,644,255,102,115,
images/frames/8a03c888-d1f1-4d49-9e30-8f9cffcdb8b0.jpg,0.9941838383674622,644,250,89,113,
images/frames/600eaa07-e115-401a-8298-ca641110676e.jpg,0.9577139616012572,631,242,98,116,
images/frames/3a0d1e60-1f09-4ce3-aeff-4666b4259402.jpg,0.9837274551391602,627,242,94,108,
images/frames/19abb11b-0bd5-47e8-89bf-e58aea3923b5.jpg,0.9936513304710388,618,237,94,111,
images/frames/dd8842b7-92cc-45d7-9558-da0f902ed7be.jpg,0.9900291562080384,610,240,89,98,
images/frames/2d6ad836-f733-43b5-bdaa-445129a719d4.jpg,0.9799606204032898,597,242,85,96,
images/frames/41e3fff1-a286-47b7-a0ab-bc5789563b5d.jpg,0.9911735653877258,593,242,81,99,
images/frames/37b271eb-82b6-47b8-8fef-3ddacaf43fc7.jpg,0.9828510284423828,580,240,89,108,
images/frames/52f81956-1322-468e-8f4d-97a399e9761b.jpg,0.9337626695632936,567,247,85,98,
images/frames/ecbd9fd2-11ea-4686-83dc-7a2b1f845f8c.jpg,0.9920050501823424,563,257,85,96,
images/frames/9d8c1997-8416-4c67-9ea0-ed62eab41e50.jpg,0.9919740557670592,558,260,82,95,
images/frames/39464bf4-b508-4cc2-a8b0-e4a7cbbbca8d.jpg,0.9865536093711852,554,264,81,91,
images/frames/97bc4e19-07e7-4101-9bba-5fa2296f2371.jpg,0.9686050415039062,550,267,77,96,
images/frames/da749797-bdaa-4d3a-a05f-da841cef24bc.jpg,0.9166615605354308,537,284,77,86,
images/frames/05319aa0-c4a5-427f-8a3a-77b513db4be3.jpg,0.92242169380188,537,284,77,88,
images/frames/834313ff-79b1-46d8-96c2-3637eead4c31.jpg,0.9287697076797484,533,289,77,86,
images/frames/590823ab-f3a9-4029-8931-6d1e34df5df4.jpg,0.9448177814483644,537,294,77,86,
images/frames/edec2a45-13d0-492c-8e43-05f335b14326.jpg,0.9782826900482178,349,264,77,94,
images/frames/a26b779a-7b2e-4080-8954-09c30d38ba22.jpg,0.956292688846588,311,247,90,98,
images/frames/038b2b26-9a3d-414c-bd9a-6edf0552dfaf.jpg,0.961653769016266,281,237,81,101,
images/frames/f718a5d7-7f8f-4922-81b9-573f1c8f301b.jpg,0.946550726890564,452,149,94,140,
images/frames/bbb625a7-be80-4da3-b053-168e2152d309.jpg,0.9632100462913513,332,90,107,111,4.0
images/frames/eae27133-d208-4260-9f61-a89584bcbf92.jpg,0.9300132393836975,354,100,106,115,4.0
images/frames/b2811b06-a529-4d9e-84af-b3c0c840d7f1.jpg,0.9931648373603821,375,112,98,108,4.0
images/frames/20a898fa-7de1-4a08-997e-6ba644903d19.jpg,0.9851309657096863,401,134,93,103,4.0
images/frames/a1b40136-dd42-46f3-8942-fb9d3b5809c4.jpg,0.9753035306930542,413,147,94,105,4.0
images/frames/e1a19e92-ed60-41ac-8c84-9a9a6df558f7.jpg,0.993037760257721,439,174,90,103,4.0
